"C201","JACK","STALIN","BOSTON","AMERICA",8998271334
"C201","AKASH","GUPTA","HYDERABAD","INDIA",8770789751
"C203","MATHEW","Parket","ATLANTA","AMERICA",8123457897
"C204","AASIM","MOHAMMED","DUBAI","UAE",7426056712
"C205","SUNG","YAN","MACAU","CHINA",9802456675
"C206","PRAKSH","JHA","KOLKATA","INDIA",6268764586
"C207","BORIS","STOKES","MOSCOW","GERMANY",8754673296
"C208","JOHN","Cena","NEW YORK","AMERICA",8798098435
"C209","KATHLINE","STARK","SAN FRANSISCO","AMERICA",7689643248
"C210","MAO","ZEDONG","TOKYO","JAPAN",8765435789
"C211","TOM","HANKS","BERLIN","GERMANY",7869543217
"C212","WANE","BOND","CAPE TOWN","SOUTH AFRICA",7456893402
"C213","KANE","KRAYO","NAIROBI","KENYA",9000123400
"C214","PRIYANKA","PATEL","DELHI","INDIA",8000012340
"C215","TONLI","ZUE","BUSAN","KOREA",9000123760
"C216","GORGINA","GORGINA","MELBOURNE","AUSTRALIA",7649873489
"C217","JONATHAN","HANKS","MANCHESTER","ENGLAND",9823786902
"C218","BRANDEN","MCLUM","MADRID","SPAIN",6443890723

















